Messidor Image,Painter Match
./Messidor_Classified\Grade_2_Moderate\c1.jpg,./painters_by_numbers\24645.jpg
./Messidor_Classified\Grade_2_Moderate\c10.jpg,./painters_by_numbers\28899.jpg
./Messidor_Classified\Grade_2_Moderate\c100.jpg,./painters_by_numbers\28459.jpg
./Messidor_Classified\Grade_2_Moderate\c101.jpg,./painters_by_numbers\23994.jpg
./Messidor_Classified\Grade_2_Moderate\c102.jpg,./painters_by_numbers\24645.jpg
./Messidor_Classified\Grade_2_Moderate\c103.jpg,./painters_by_numbers\24645.jpg
./Messidor_Classified\Grade_2_Moderate\c104.jpg,./painters_by_numbers\23994.jpg
./Messidor_Classified\Grade_2_Moderate\c105.jpg,./painters_by_numbers\23994.jpg
./Messidor_Classified\Grade_2_Moderate\c106.jpg,./painters_by_numbers\20798.jpg
./Messidor_Classified\Grade_2_Moderate\c107.jpg,./painters_by_numbers\21624.jpg
./Messidor_Classified\Grade_2_Moderate\c108.jpg,./painters_by_numbers\26504.jpg
./Messidor_Classified\Grade_2_Moderate\c109.jpg,./painters_by_numbers\23707.jpg
./Messidor_Classified\Grade_2_Moderate\c11.jpg,./painters_by_numbers\22843.jpg
./Messidor_Classified\Grade_2_Moderate\c110.jpg,./painters_by_numbers\21624.jpg
./Messidor_Classified\Grade_2_Moderate\c111.jpg,./painters_by_numbers\21624.jpg
./Messidor_Classified\Grade_2_Moderate\c112.jpg,./painters_by_numbers\21624.jpg
./Messidor_Classified\Grade_2_Moderate\c113.jpg,./painters_by_numbers\21624.jpg
./Messidor_Classified\Grade_2_Moderate\c114.jpg,./painters_by_numbers\24645.jpg
./Messidor_Classified\Grade_2_Moderate\c115.jpg,./painters_by_numbers\28899.jpg
./Messidor_Classified\Grade_2_Moderate\c116.jpg,./painters_by_numbers\21624.jpg
./Messidor_Classified\Grade_2_Moderate\c117.jpg,./painters_by_numbers\29622.jpg
./Messidor_Classified\Grade_2_Moderate\c118.jpg,./painters_by_numbers\26250.jpg
./Messidor_Classified\Grade_2_Moderate\c119.jpg,./painters_by_numbers\28899.jpg
./Messidor_Classified\Grade_2_Moderate\c12.jpg,./painters_by_numbers\2393.jpg
./Messidor_Classified\Grade_2_Moderate\c120.jpg,./painters_by_numbers\26250.jpg
./Messidor_Classified\Grade_2_Moderate\c121.jpg,./painters_by_numbers\21624.jpg
./Messidor_Classified\Grade_2_Moderate\c122.jpg,./painters_by_numbers\28899.jpg
./Messidor_Classified\Grade_2_Moderate\c123.jpg,./painters_by_numbers\28899.jpg
./Messidor_Classified\Grade_2_Moderate\c124.jpg,./painters_by_numbers\20376.jpg
./Messidor_Classified\Grade_2_Moderate\c125.jpg,./painters_by_numbers\26046.jpg
./Messidor_Classified\Grade_2_Moderate\c126.jpg,./painters_by_numbers\26504.jpg
./Messidor_Classified\Grade_2_Moderate\c127.jpg,./painters_by_numbers\27596.jpg
./Messidor_Classified\Grade_2_Moderate\c128.jpg,./painters_by_numbers\27596.jpg
./Messidor_Classified\Grade_2_Moderate\c129.jpg,./painters_by_numbers\21624.jpg
./Messidor_Classified\Grade_2_Moderate\c13.jpg,./painters_by_numbers\23994.jpg
./Messidor_Classified\Grade_2_Moderate\c130.jpg,./painters_by_numbers\21624.jpg
./Messidor_Classified\Grade_2_Moderate\c131.jpg,./painters_by_numbers\26046.jpg
./Messidor_Classified\Grade_2_Moderate\c132.jpg,./painters_by_numbers\21673.jpg
./Messidor_Classified\Grade_2_Moderate\c133.jpg,./painters_by_numbers\21624.jpg
./Messidor_Classified\Grade_2_Moderate\c134.jpg,./painters_by_numbers\23994.jpg
./Messidor_Classified\Grade_2_Moderate\c135.jpg,./painters_by_numbers\23994.jpg
./Messidor_Classified\Grade_2_Moderate\c136.jpg,./painters_by_numbers\21624.jpg
./Messidor_Classified\Grade_2_Moderate\c137.jpg,./painters_by_numbers\25225.jpg
./Messidor_Classified\Grade_2_Moderate\c138.jpg,./painters_by_numbers\28899.jpg
./Messidor_Classified\Grade_2_Moderate\c139.jpg,./painters_by_numbers\24454.jpg
./Messidor_Classified\Grade_2_Moderate\c14.jpg,./painters_by_numbers\21624.jpg
./Messidor_Classified\Grade_2_Moderate\c140.jpg,./painters_by_numbers\20376.jpg
./Messidor_Classified\Grade_2_Moderate\c141.jpg,./painters_by_numbers\28899.jpg
./Messidor_Classified\Grade_2_Moderate\c142.jpg,./painters_by_numbers\28899.jpg
./Messidor_Classified\Grade_2_Moderate\c143.jpg,./painters_by_numbers\27596.jpg
./Messidor_Classified\Grade_2_Moderate\c144.jpg,./painters_by_numbers\21624.jpg
./Messidor_Classified\Grade_2_Moderate\c145.jpg,./painters_by_numbers\21624.jpg
./Messidor_Classified\Grade_2_Moderate\c146.jpg,./painters_by_numbers\21624.jpg
./Messidor_Classified\Grade_2_Moderate\c147.jpg,./painters_by_numbers\23994.jpg
./Messidor_Classified\Grade_2_Moderate\c148.jpg,./painters_by_numbers\28899.jpg
./Messidor_Classified\Grade_2_Moderate\c149.jpg,./painters_by_numbers\21624.jpg
./Messidor_Classified\Grade_2_Moderate\c15.jpg,./painters_by_numbers\21624.jpg
./Messidor_Classified\Grade_2_Moderate\c150.jpg,./painters_by_numbers\21624.jpg
./Messidor_Classified\Grade_2_Moderate\c151.jpg,./painters_by_numbers\24454.jpg
./Messidor_Classified\Grade_2_Moderate\c152.jpg,./painters_by_numbers\24454.jpg
./Messidor_Classified\Grade_2_Moderate\c153.jpg,./painters_by_numbers\24454.jpg
./Messidor_Classified\Grade_2_Moderate\c154.jpg,./painters_by_numbers\21624.jpg
./Messidor_Classified\Grade_2_Moderate\c155.jpg,./painters_by_numbers\23340.jpg
./Messidor_Classified\Grade_2_Moderate\c156.jpg,./painters_by_numbers\23340.jpg
./Messidor_Classified\Grade_2_Moderate\c157.jpg,./painters_by_numbers\20376.jpg
./Messidor_Classified\Grade_2_Moderate\c158.jpg,./painters_by_numbers\24454.jpg
./Messidor_Classified\Grade_2_Moderate\c159.jpg,./painters_by_numbers\22705.jpg
./Messidor_Classified\Grade_2_Moderate\c16.jpg,./painters_by_numbers\28899.jpg
./Messidor_Classified\Grade_2_Moderate\c160.jpg,./painters_by_numbers\21624.jpg
./Messidor_Classified\Grade_2_Moderate\c161.jpg,./painters_by_numbers\21673.jpg
./Messidor_Classified\Grade_2_Moderate\c162.jpg,./painters_by_numbers\21673.jpg
./Messidor_Classified\Grade_2_Moderate\c163.jpg,./painters_by_numbers\24454.jpg
./Messidor_Classified\Grade_2_Moderate\c164.jpg,./painters_by_numbers\21673.jpg
./Messidor_Classified\Grade_2_Moderate\c165.jpg,./painters_by_numbers\21673.jpg
./Messidor_Classified\Grade_2_Moderate\c166.jpg,./painters_by_numbers\20376.jpg
./Messidor_Classified\Grade_2_Moderate\c167.jpg,./painters_by_numbers\20376.jpg
./Messidor_Classified\Grade_2_Moderate\c168.jpg,./painters_by_numbers\22068.jpg
./Messidor_Classified\Grade_2_Moderate\c169.jpg,./painters_by_numbers\24454.jpg
./Messidor_Classified\Grade_2_Moderate\c17.jpg,./painters_by_numbers\21624.jpg
./Messidor_Classified\Grade_2_Moderate\c170.jpg,./painters_by_numbers\27596.jpg
./Messidor_Classified\Grade_2_Moderate\c171.jpg,./painters_by_numbers\27596.jpg
./Messidor_Classified\Grade_2_Moderate\c172.jpg,./painters_by_numbers\24651.jpg
./Messidor_Classified\Grade_2_Moderate\c173.jpg,./painters_by_numbers\24454.jpg
./Messidor_Classified\Grade_2_Moderate\c174.jpg,./painters_by_numbers\24454.jpg
./Messidor_Classified\Grade_2_Moderate\c175.jpg,./painters_by_numbers\27596.jpg
./Messidor_Classified\Grade_2_Moderate\c176.jpg,./painters_by_numbers\24454.jpg
./Messidor_Classified\Grade_2_Moderate\c177.jpg,./painters_by_numbers\24454.jpg
./Messidor_Classified\Grade_2_Moderate\c178.jpg,./painters_by_numbers\28899.jpg
./Messidor_Classified\Grade_2_Moderate\c179.jpg,./painters_by_numbers\23340.jpg
./Messidor_Classified\Grade_2_Moderate\c18.jpg,./painters_by_numbers\21624.jpg
./Messidor_Classified\Grade_2_Moderate\c180.jpg,./painters_by_numbers\23340.jpg
./Messidor_Classified\Grade_2_Moderate\c181.jpg,./painters_by_numbers\28899.jpg
./Messidor_Classified\Grade_2_Moderate\c182.jpg,./painters_by_numbers\28899.jpg
./Messidor_Classified\Grade_2_Moderate\c183.jpg,./painters_by_numbers\28899.jpg
./Messidor_Classified\Grade_2_Moderate\c184.jpg,./painters_by_numbers\21624.jpg
./Messidor_Classified\Grade_2_Moderate\c185.jpg,./painters_by_numbers\29622.jpg
./Messidor_Classified\Grade_2_Moderate\c186.jpg,./painters_by_numbers\29622.jpg
./Messidor_Classified\Grade_2_Moderate\c187.jpg,./painters_by_numbers\21673.jpg
./Messidor_Classified\Grade_2_Moderate\c188.jpg,./painters_by_numbers\21673.jpg
./Messidor_Classified\Grade_2_Moderate\c189.jpg,./painters_by_numbers\21624.jpg
./Messidor_Classified\Grade_2_Moderate\c19.jpg,./painters_by_numbers\21624.jpg
./Messidor_Classified\Grade_2_Moderate\c190.jpg,./painters_by_numbers\27596.jpg
./Messidor_Classified\Grade_2_Moderate\c191.jpg,./painters_by_numbers\21624.jpg
./Messidor_Classified\Grade_2_Moderate\c192.jpg,./painters_by_numbers\21624.jpg
./Messidor_Classified\Grade_2_Moderate\c193.jpg,./painters_by_numbers\21624.jpg
./Messidor_Classified\Grade_2_Moderate\c194.jpg,./painters_by_numbers\21624.jpg
./Messidor_Classified\Grade_2_Moderate\c195.jpg,./painters_by_numbers\21624.jpg
./Messidor_Classified\Grade_2_Moderate\c196.jpg,./painters_by_numbers\24454.jpg
./Messidor_Classified\Grade_2_Moderate\c197.jpg,./painters_by_numbers\24454.jpg
./Messidor_Classified\Grade_2_Moderate\c198.jpg,./painters_by_numbers\20376.jpg
./Messidor_Classified\Grade_2_Moderate\c199.jpg,./painters_by_numbers\21624.jpg
./Messidor_Classified\Grade_2_Moderate\c2.jpg,./painters_by_numbers\21624.jpg
./Messidor_Classified\Grade_2_Moderate\c20.jpg,./painters_by_numbers\28899.jpg
./Messidor_Classified\Grade_2_Moderate\c200.jpg,./painters_by_numbers\28899.jpg
./Messidor_Classified\Grade_2_Moderate\c201.jpg,./painters_by_numbers\24454.jpg
./Messidor_Classified\Grade_2_Moderate\c202.jpg,./painters_by_numbers\24948.jpg
./Messidor_Classified\Grade_2_Moderate\c203.jpg,./painters_by_numbers\20376.jpg
./Messidor_Classified\Grade_2_Moderate\c204.jpg,./painters_by_numbers\20376.jpg
./Messidor_Classified\Grade_2_Moderate\c205.jpg,./painters_by_numbers\28899.jpg
./Messidor_Classified\Grade_2_Moderate\c206.jpg,./painters_by_numbers\21624.jpg
./Messidor_Classified\Grade_2_Moderate\c207.jpg,./painters_by_numbers\28899.jpg
./Messidor_Classified\Grade_2_Moderate\c208.jpg,./painters_by_numbers\26504.jpg
./Messidor_Classified\Grade_2_Moderate\c209.jpg,./painters_by_numbers\22705.jpg
./Messidor_Classified\Grade_2_Moderate\c21.jpg,./painters_by_numbers\26250.jpg
./Messidor_Classified\Grade_2_Moderate\c210.jpg,./painters_by_numbers\21624.jpg
./Messidor_Classified\Grade_2_Moderate\c211.jpg,./painters_by_numbers\28899.jpg
./Messidor_Classified\Grade_2_Moderate\c212.jpg,./painters_by_numbers\25225.jpg
./Messidor_Classified\Grade_2_Moderate\c213.jpg,./painters_by_numbers\21624.jpg
./Messidor_Classified\Grade_2_Moderate\c214.jpg,./painters_by_numbers\28899.jpg
./Messidor_Classified\Grade_2_Moderate\c215.jpg,./painters_by_numbers\21624.jpg
./Messidor_Classified\Grade_2_Moderate\c216.jpg,./painters_by_numbers\21624.jpg
./Messidor_Classified\Grade_2_Moderate\c217.jpg,./painters_by_numbers\21624.jpg
./Messidor_Classified\Grade_2_Moderate\c218.jpg,./painters_by_numbers\21673.jpg
./Messidor_Classified\Grade_2_Moderate\c219.jpg,./painters_by_numbers\22345.jpg
./Messidor_Classified\Grade_2_Moderate\c22.jpg,./painters_by_numbers\21624.jpg
./Messidor_Classified\Grade_2_Moderate\c220.jpg,./painters_by_numbers\21624.jpg
./Messidor_Classified\Grade_2_Moderate\c221.jpg,./painters_by_numbers\25225.jpg
./Messidor_Classified\Grade_2_Moderate\c222.jpg,./painters_by_numbers\21624.jpg
./Messidor_Classified\Grade_2_Moderate\c223.jpg,./painters_by_numbers\20376.jpg
./Messidor_Classified\Grade_2_Moderate\c224.jpg,./painters_by_numbers\20376.jpg
./Messidor_Classified\Grade_2_Moderate\c225.jpg,./painters_by_numbers\27596.jpg
./Messidor_Classified\Grade_2_Moderate\c226.jpg,./painters_by_numbers\27596.jpg
./Messidor_Classified\Grade_2_Moderate\c227.jpg,./painters_by_numbers\23994.jpg
./Messidor_Classified\Grade_2_Moderate\c228.jpg,./painters_by_numbers\28899.jpg
./Messidor_Classified\Grade_2_Moderate\c229.jpg,./painters_by_numbers\21673.jpg
./Messidor_Classified\Grade_2_Moderate\c23.jpg,./painters_by_numbers\28899.jpg
./Messidor_Classified\Grade_2_Moderate\c230.jpg,./painters_by_numbers\21673.jpg
./Messidor_Classified\Grade_2_Moderate\c231.jpg,./painters_by_numbers\22705.jpg
./Messidor_Classified\Grade_2_Moderate\c232.jpg,./painters_by_numbers\21624.jpg
./Messidor_Classified\Grade_2_Moderate\c233.jpg,./painters_by_numbers\21624.jpg
./Messidor_Classified\Grade_2_Moderate\c234.jpg,./painters_by_numbers\21624.jpg
./Messidor_Classified\Grade_2_Moderate\c235.jpg,./painters_by_numbers\29622.jpg
./Messidor_Classified\Grade_2_Moderate\c236.jpg,./painters_by_numbers\23994.jpg
./Messidor_Classified\Grade_2_Moderate\c237.jpg,./painters_by_numbers\23707.jpg
./Messidor_Classified\Grade_2_Moderate\c238.jpg,./painters_by_numbers\21624.jpg
./Messidor_Classified\Grade_2_Moderate\c239.jpg,./painters_by_numbers\21624.jpg
./Messidor_Classified\Grade_2_Moderate\c24.jpg,./painters_by_numbers\21624.jpg
./Messidor_Classified\Grade_2_Moderate\c240.jpg,./painters_by_numbers\21624.jpg
./Messidor_Classified\Grade_2_Moderate\c241.jpg,./painters_by_numbers\28459.jpg
./Messidor_Classified\Grade_2_Moderate\c242.jpg,./painters_by_numbers\21624.jpg
./Messidor_Classified\Grade_2_Moderate\c243.jpg,./painters_by_numbers\26250.jpg
./Messidor_Classified\Grade_2_Moderate\c244.jpg,./painters_by_numbers\21624.jpg
./Messidor_Classified\Grade_2_Moderate\c245.jpg,./painters_by_numbers\21624.jpg
./Messidor_Classified\Grade_2_Moderate\c246.jpg,./painters_by_numbers\21624.jpg
./Messidor_Classified\Grade_2_Moderate\c247.jpg,./painters_by_numbers\21673.jpg
./Messidor_Classified\Grade_2_Moderate\c248.jpg,./painters_by_numbers\24454.jpg
./Messidor_Classified\Grade_2_Moderate\c249.jpg,./painters_by_numbers\21624.jpg
./Messidor_Classified\Grade_2_Moderate\c25.jpg,./painters_by_numbers\21624.jpg
./Messidor_Classified\Grade_2_Moderate\c250.jpg,./painters_by_numbers\21624.jpg
./Messidor_Classified\Grade_2_Moderate\c251.jpg,./painters_by_numbers\23340.jpg
./Messidor_Classified\Grade_2_Moderate\c252.jpg,./painters_by_numbers\21624.jpg
./Messidor_Classified\Grade_2_Moderate\c253.jpg,./painters_by_numbers\25225.jpg
./Messidor_Classified\Grade_2_Moderate\c254.jpg,./painters_by_numbers\23994.jpg
./Messidor_Classified\Grade_2_Moderate\c255.jpg,./painters_by_numbers\21624.jpg
./Messidor_Classified\Grade_2_Moderate\c256.jpg,./painters_by_numbers\21624.jpg
./Messidor_Classified\Grade_2_Moderate\c257.jpg,./painters_by_numbers\21624.jpg
./Messidor_Classified\Grade_2_Moderate\c258.jpg,./painters_by_numbers\21624.jpg
./Messidor_Classified\Grade_2_Moderate\c259.jpg,./painters_by_numbers\21624.jpg
./Messidor_Classified\Grade_2_Moderate\c26.jpg,./painters_by_numbers\21624.jpg
./Messidor_Classified\Grade_2_Moderate\c260.jpg,./painters_by_numbers\21624.jpg
./Messidor_Classified\Grade_2_Moderate\c261.jpg,./painters_by_numbers\21673.jpg
./Messidor_Classified\Grade_2_Moderate\c262.jpg,./painters_by_numbers\21624.jpg
./Messidor_Classified\Grade_2_Moderate\c263.jpg,./painters_by_numbers\21624.jpg
./Messidor_Classified\Grade_2_Moderate\c264.jpg,./painters_by_numbers\21673.jpg
./Messidor_Classified\Grade_2_Moderate\c265.jpg,./painters_by_numbers\21673.jpg
./Messidor_Classified\Grade_2_Moderate\c266.jpg,./painters_by_numbers\25225.jpg
./Messidor_Classified\Grade_2_Moderate\c267.jpg,./painters_by_numbers\21624.jpg
./Messidor_Classified\Grade_2_Moderate\c268.jpg,./painters_by_numbers\28899.jpg
./Messidor_Classified\Grade_2_Moderate\c269.jpg,./painters_by_numbers\27596.jpg
./Messidor_Classified\Grade_2_Moderate\c27.jpg,./painters_by_numbers\23707.jpg
./Messidor_Classified\Grade_2_Moderate\c270.jpg,./painters_by_numbers\27596.jpg
./Messidor_Classified\Grade_2_Moderate\c271.jpg,./painters_by_numbers\26250.jpg
./Messidor_Classified\Grade_2_Moderate\c272.jpg,./painters_by_numbers\26250.jpg
./Messidor_Classified\Grade_2_Moderate\c273.jpg,./painters_by_numbers\21624.jpg
./Messidor_Classified\Grade_2_Moderate\c274.jpg,./painters_by_numbers\21673.jpg
./Messidor_Classified\Grade_2_Moderate\c275.jpg,./painters_by_numbers\21624.jpg
./Messidor_Classified\Grade_2_Moderate\c276.jpg,./painters_by_numbers\21673.jpg
./Messidor_Classified\Grade_2_Moderate\c277.jpg,./painters_by_numbers\24454.jpg
./Messidor_Classified\Grade_2_Moderate\c278.jpg,./painters_by_numbers\24454.jpg
./Messidor_Classified\Grade_2_Moderate\c279.jpg,./painters_by_numbers\21624.jpg
./Messidor_Classified\Grade_2_Moderate\c28.jpg,./painters_by_numbers\20376.jpg
./Messidor_Classified\Grade_2_Moderate\c280.jpg,./painters_by_numbers\21624.jpg
./Messidor_Classified\Grade_2_Moderate\c281.jpg,./painters_by_numbers\22705.jpg
./Messidor_Classified\Grade_2_Moderate\c282.jpg,./painters_by_numbers\21624.jpg
./Messidor_Classified\Grade_2_Moderate\c283.jpg,./painters_by_numbers\23994.jpg
./Messidor_Classified\Grade_2_Moderate\c284.jpg,./painters_by_numbers\23903.jpg
./Messidor_Classified\Grade_2_Moderate\c285.jpg,./painters_by_numbers\23903.jpg
./Messidor_Classified\Grade_2_Moderate\c286.jpg,./painters_by_numbers\21624.jpg
./Messidor_Classified\Grade_2_Moderate\c287.jpg,./painters_by_numbers\21624.jpg
./Messidor_Classified\Grade_2_Moderate\c288.jpg,./painters_by_numbers\23707.jpg
./Messidor_Classified\Grade_2_Moderate\c289.jpg,./painters_by_numbers\20376.jpg
./Messidor_Classified\Grade_2_Moderate\c29.jpg,./painters_by_numbers\26250.jpg
./Messidor_Classified\Grade_2_Moderate\c290.jpg,./painters_by_numbers\20376.jpg
./Messidor_Classified\Grade_2_Moderate\c3.jpg,./painters_by_numbers\28459.jpg
./Messidor_Classified\Grade_2_Moderate\c30.jpg,./painters_by_numbers\25644.jpg
./Messidor_Classified\Grade_2_Moderate\c31.jpg,./painters_by_numbers\21624.jpg
./Messidor_Classified\Grade_2_Moderate\c32.jpg,./painters_by_numbers\21624.jpg
./Messidor_Classified\Grade_2_Moderate\c33.jpg,./painters_by_numbers\29622.jpg
./Messidor_Classified\Grade_2_Moderate\c34.jpg,./painters_by_numbers\21624.jpg
./Messidor_Classified\Grade_2_Moderate\c35.jpg,./painters_by_numbers\23707.jpg
./Messidor_Classified\Grade_2_Moderate\c36.jpg,./painters_by_numbers\23707.jpg
./Messidor_Classified\Grade_2_Moderate\c37.jpg,./painters_by_numbers\21624.jpg
./Messidor_Classified\Grade_2_Moderate\c38.jpg,./painters_by_numbers\26250.jpg
./Messidor_Classified\Grade_2_Moderate\c39.jpg,./painters_by_numbers\26250.jpg
./Messidor_Classified\Grade_2_Moderate\c4.jpg,./painters_by_numbers\28504.jpg
./Messidor_Classified\Grade_2_Moderate\c40.jpg,./painters_by_numbers\21624.jpg
./Messidor_Classified\Grade_2_Moderate\c41.jpg,./painters_by_numbers\28899.jpg
./Messidor_Classified\Grade_2_Moderate\c42.jpg,./painters_by_numbers\21673.jpg
./Messidor_Classified\Grade_2_Moderate\c43.jpg,./painters_by_numbers\28899.jpg
./Messidor_Classified\Grade_2_Moderate\c44.jpg,./painters_by_numbers\28459.jpg
./Messidor_Classified\Grade_2_Moderate\c45.jpg,./painters_by_numbers\28459.jpg
./Messidor_Classified\Grade_2_Moderate\c46.jpg,./painters_by_numbers\21624.jpg
./Messidor_Classified\Grade_2_Moderate\c47.jpg,./painters_by_numbers\23593.jpg
./Messidor_Classified\Grade_2_Moderate\c48.jpg,./painters_by_numbers\21624.jpg
./Messidor_Classified\Grade_2_Moderate\c49.jpg,./painters_by_numbers\21624.jpg
./Messidor_Classified\Grade_2_Moderate\c5.jpg,./painters_by_numbers\26250.jpg
./Messidor_Classified\Grade_2_Moderate\c50.jpg,./painters_by_numbers\21624.jpg
./Messidor_Classified\Grade_2_Moderate\c51.jpg,./painters_by_numbers\21673.jpg
./Messidor_Classified\Grade_2_Moderate\c52.jpg,./painters_by_numbers\28899.jpg
./Messidor_Classified\Grade_2_Moderate\c53.jpg,./painters_by_numbers\21624.jpg
./Messidor_Classified\Grade_2_Moderate\c54.jpg,./painters_by_numbers\27596.jpg
./Messidor_Classified\Grade_2_Moderate\c55.jpg,./painters_by_numbers\23994.jpg
./Messidor_Classified\Grade_2_Moderate\c56.jpg,./painters_by_numbers\27596.jpg
./Messidor_Classified\Grade_2_Moderate\c57.jpg,./painters_by_numbers\23994.jpg
./Messidor_Classified\Grade_2_Moderate\c58.jpg,./painters_by_numbers\23994.jpg
./Messidor_Classified\Grade_2_Moderate\c59.jpg,./painters_by_numbers\23994.jpg
./Messidor_Classified\Grade_2_Moderate\c6.jpg,./painters_by_numbers\26250.jpg
./Messidor_Classified\Grade_2_Moderate\c60.jpg,./painters_by_numbers\21624.jpg
./Messidor_Classified\Grade_2_Moderate\c61.jpg,./painters_by_numbers\28459.jpg
./Messidor_Classified\Grade_2_Moderate\c62.jpg,./painters_by_numbers\28899.jpg
./Messidor_Classified\Grade_2_Moderate\c63.jpg,./painters_by_numbers\23994.jpg
./Messidor_Classified\Grade_2_Moderate\c64.jpg,./painters_by_numbers\26250.jpg
./Messidor_Classified\Grade_2_Moderate\c65.jpg,./painters_by_numbers\21673.jpg
./Messidor_Classified\Grade_2_Moderate\c66.jpg,./painters_by_numbers\21624.jpg
./Messidor_Classified\Grade_2_Moderate\c67.jpg,./painters_by_numbers\21624.jpg
./Messidor_Classified\Grade_2_Moderate\c68.jpg,./painters_by_numbers\26250.jpg
./Messidor_Classified\Grade_2_Moderate\c69.jpg,./painters_by_numbers\26250.jpg
./Messidor_Classified\Grade_2_Moderate\c7.jpg,./painters_by_numbers\21624.jpg
./Messidor_Classified\Grade_2_Moderate\c70.jpg,./painters_by_numbers\23994.jpg
./Messidor_Classified\Grade_2_Moderate\c71.jpg,./painters_by_numbers\21624.jpg
./Messidor_Classified\Grade_2_Moderate\c72.jpg,./painters_by_numbers\21624.jpg
./Messidor_Classified\Grade_2_Moderate\c73.jpg,./painters_by_numbers\21624.jpg
./Messidor_Classified\Grade_2_Moderate\c74.jpg,./painters_by_numbers\21624.jpg
./Messidor_Classified\Grade_2_Moderate\c75.jpg,./painters_by_numbers\23994.jpg
./Messidor_Classified\Grade_2_Moderate\c76.jpg,./painters_by_numbers\2330.jpg
./Messidor_Classified\Grade_2_Moderate\c77.jpg,./painters_by_numbers\23707.jpg
./Messidor_Classified\Grade_2_Moderate\c78.jpg,./painters_by_numbers\26504.jpg
./Messidor_Classified\Grade_2_Moderate\c79.jpg,./painters_by_numbers\26504.jpg
./Messidor_Classified\Grade_2_Moderate\c8.jpg,./painters_by_numbers\21624.jpg
./Messidor_Classified\Grade_2_Moderate\c80.jpg,./painters_by_numbers\23340.jpg
./Messidor_Classified\Grade_2_Moderate\c81.jpg,./painters_by_numbers\28899.jpg
./Messidor_Classified\Grade_2_Moderate\c82.jpg,./painters_by_numbers\28899.jpg
./Messidor_Classified\Grade_2_Moderate\c83.jpg,./painters_by_numbers\21624.jpg
./Messidor_Classified\Grade_2_Moderate\c84.jpg,./painters_by_numbers\23994.jpg
./Messidor_Classified\Grade_2_Moderate\c85.jpg,./painters_by_numbers\24645.jpg
./Messidor_Classified\Grade_2_Moderate\c86.jpg,./painters_by_numbers\21673.jpg
./Messidor_Classified\Grade_2_Moderate\c87.jpg,./painters_by_numbers\24454.jpg
./Messidor_Classified\Grade_2_Moderate\c88.jpg,./painters_by_numbers\24454.jpg
./Messidor_Classified\Grade_2_Moderate\c89.jpg,./painters_by_numbers\21624.jpg
./Messidor_Classified\Grade_2_Moderate\c9.jpg,./painters_by_numbers\21624.jpg
./Messidor_Classified\Grade_2_Moderate\c90.jpg,./painters_by_numbers\21624.jpg
./Messidor_Classified\Grade_2_Moderate\c91.jpg,./painters_by_numbers\26250.jpg
./Messidor_Classified\Grade_2_Moderate\c92.jpg,./painters_by_numbers\26046.jpg
./Messidor_Classified\Grade_2_Moderate\c93.jpg,./painters_by_numbers\26250.jpg
./Messidor_Classified\Grade_2_Moderate\c94.jpg,./painters_by_numbers\23593.jpg
./Messidor_Classified\Grade_2_Moderate\c95.jpg,./painters_by_numbers\28459.jpg
./Messidor_Classified\Grade_2_Moderate\c96.jpg,./painters_by_numbers\21624.jpg
./Messidor_Classified\Grade_2_Moderate\c97.jpg,./painters_by_numbers\21624.jpg
./Messidor_Classified\Grade_2_Moderate\c98.jpg,./painters_by_numbers\28899.jpg
./Messidor_Classified\Grade_2_Moderate\c99.jpg,./painters_by_numbers\23593.jpg
